question,preprocessed_query,ground_truth,expected_document,retrieved_documents,retrieval_scores,generated_answer,faithfulness,answer_relevancy,context_precision,context_recall,hit_rate,preprocessing_time,embedding_time,vector_retrieval_time,llm_time,total_response_time
How many days of sick leave are employees entitled to per year?,many days sick leave employees entitled per year,Employees are entitled to 12 days of paid sick leave per calendar year.,LeavePolicy(1).pdf,LeavePolicy(1).pdf|LeavePolicy(1).pdf|LeavePolicy(1).pdf|EmployeeBenefits.pdf|LeavePolicy(1).pdf,0.7734|0.6449|0.5519|0.5165|0.5161,10 days,0.8,1.0,0.8,0.0,1.0,0.01,0.1466,2.76,1.0728,3.9894
What is the procedure for requesting casual leave?,procedure requesting casual leave,Casual leave must be requested at least 24 hours in advance through the HR portal and approved by the line manager.,LeavePolicy(1).pdf,LeavePolicy(1).pdf|LeavePolicy(1).pdf|LeavePolicy(1).pdf|LeavePolicy(1).pdf|LeavePolicy(1).pdf,0.6356|0.5673|0.5142|0.5117|0.5009,"Leave requests should be submitted through the company leave management system before the planned leave date. For emergency leave, it should be reported to the reporting manager as soon as reasonably possible.",1.0,0.8,0.2,0.6,1.0,0.0062,0.0361,2.5043,1.6385,4.1852
Are unused sick leaves encashable at the end of the year?,unused sick leaves encashable end year,Unused sick leaves cannot be encashed and lapse at the end of the calendar year.,LeavePolicy(1).pdf,LeavePolicy(1).pdf|LeavePolicy(1).pdf|LeavePolicy(1).pdf|LeavePolicy(1).pdf|LeavePolicy(1).pdf,0.4876|0.3932|0.341|0.3201|0.3142,I couldn't find this information in the uploaded company policies.,1.0,0.0,0.2,0.0,1.0,0.0108,0.0629,2.4668,0.3597,2.9002
What is the maximum number of consecutive casual leave days allowed?,maximum number consecutive casual leave days allowed,Employees can take a maximum of 3 consecutive days of casual leave without special approval.,LeavePolicy(1).pdf,LeavePolicy(1).pdf|LeavePolicy(1).pdf|LeavePolicy(1).pdf|LeavePolicy(1).pdf|Company Training Period Policy.docx,0.6887|0.5479|0.5198|0.434|0.4314,3,0.0,1.0,0.8,0.9,1.0,0.0096,0.0482,2.4527,0.6217,3.1323
How many days of earned leave do employees accrue per month?,many days earned leave employees accrue per month,Employees accrue 1.5 days of earned leave per month of completed service.,LeavePolicy(1).pdf,LeavePolicy(1).pdf|LeavePolicy(1).pdf|LeavePolicy(1).pdf|LeavePolicy(1).pdf|EmployeeBenefits.pdf,0.6226|0.5227|0.4957|0.4772|0.4694,I couldn't find this information in the uploaded company policies.,1.0,0.0,0.0,0.0,1.0,0.0093,0.0559,2.4322,0.4826,2.9799
What is the maternity leave duration for female employees?,maternity leave duration female employees,Female employees are eligible for 26 weeks of paid maternity leave for up to two surviving children.,LeavePolicy(1).pdf,LeavePolicy(1).pdf|LeavePolicy(1).pdf|EmployeeBenefits.pdf|LeavePolicy(1).pdf|LeavePolicy(1).pdf,0.8256|0.6305|0.4928|0.4921|0.4559,26 weeks of paid maternity leave,1.0,1.0,0.8,0.8,1.0,0.0088,0.0456,2.4548,0.6146,3.1239
"Is paternity leave offered by the company, and for how long?",paternity leave offered company long,Male employees are entitled to 5 days of paid paternity leave upon the birth or adoption of a child.,LeavePolicy(1).pdf,LeavePolicy(1).pdf|LeavePolicy(1).pdf|EmployeeBenefits.pdf|LeavePolicy(1).pdf|LeavePolicy(1).pdf,0.76|0.4756|0.3439|0.3346|0.3144,"Yes, the company offers paternity leave for 10 working days, to be taken within six months of the child's birth or adoption.",1.0,1.0,0.9,0.0,1.0,0.01,0.0475,2.4612,0.5023,3.0211
What happens to earned leave if an employee resigns?,happens earned leave if employee resigns,Accumulated earned leave up to 30 days will be encashed during the final settlement upon resignation.,LeavePolicy(1).pdf,LeavePolicy(1).pdf|LeavePolicy(1).pdf|LeavePolicy(1).pdf|EmployeeBenefits.pdf|LeavePolicy(1).pdf,0.4868|0.4749|0.467|0.4644|0.4524,I couldn't find this information in the uploaded company policies.,1.0,0.0,0.0,0.0,1.0,0.0118,0.0493,2.4473,0.352,2.8604
Can sick leave be combined with casual leave?,sick leave combined casual leave,Sick leave cannot be combined with casual leave unless authorized by HR under medical emergencies.,LeavePolicy(1).pdf,LeavePolicy(1).pdf|LeavePolicy(1).pdf|EmployeeBenefits.pdf|LeavePolicy(1).pdf|LeavePolicy(1).pdf,0.6624|0.5768|0.4481|0.419|0.4172,I couldn't find this information in the uploaded company policies.,1.0,0.0,0.2,0.0,1.0,0.0172,0.0431,2.8082,0.3913,3.2597
Is a medical certificate required for sick leave exceeding two days?,medical certificate required sick leave exceeding two days,"Yes, a valid doctor's medical certificate is required for any sick leave exceeding 2 consecutive days.",LeavePolicy(1).pdf,LeavePolicy(1).pdf|LeavePolicy(1).pdf|LeavePolicy(1).pdf|LeavePolicy(1).pdf|LeavePolicy(1).pdf,0.7037|0.4281|0.4021|0.3694|0.3546,A medical certificate may be required for absences exceeding two consecutive working days.,0.0,0.9,0.9,0.8,1.0,0.0113,0.0468,2.7399,0.4252,3.2233
What is the policy for bereavement leave?,policy bereavement leave,Employees are eligible for up to 5 days of paid bereavement leave in the event of the loss of an immediate family member.,LeavePolicy(1).pdf,LeavePolicy(1).pdf|LeavePolicy(1).pdf|LeavePolicy(1).pdf|LeavePolicy(1).pdf|EmployeeBenefits.pdf,0.7529|0.5254|0.4865|0.4812|0.4674,Employees may receive up to 5 working days of paid bereavement leave following the death of an immediate family member.,1.0,1.0,0.1,0.8,1.0,0.0104,0.0423,4.2253,0.4687,4.7467
How many days of work from home are allowed per week?,many days work home allowed per week,Employees are allowed up to 2 days of work from home per week subject to manager approval.,WorkFromHomePolicy.pdf,WorkFromHomePolicy.pdf|WorkFromHomePolicy.pdf|WorkFromHomePolicy.pdf|WorkFromHomePolicy.pdf|WorkFromHomePolicy.pdf,0.5406|0.5094|0.5071|0.503|0.47,I couldn't find this information in the uploaded company policies.,1.0,0.0,0.0,0.0,1.0,0.0111,0.0425,2.9348,0.3614,3.3498
What are the core core working hours during work from home?,core core working hours during work home,Core working hours during WFH are 10:00 AM to 5:00 PM local time.,WorkFromHomePolicy.pdf,WorkFromHomePolicy.pdf|WorkFromHomePolicy.pdf|WorkFromHomePolicy.pdf|Training_Period_Policy.pdf|WorkFromHomePolicy.pdf,0.5444|0.3993|0.3697|0.3438|0.3288,9:00 AM to 6:00 PM,0.5,0.8,0.8,0.0,1.0,0.0102,0.0457,2.7945,0.5036,3.354
Who must approve a work from home request?,approve work home request,Work from home requests must be approved by the employee's direct reporting manager.,WorkFromHomePolicy.pdf,WorkFromHomePolicy.pdf|WorkFromHomePolicy.pdf|WorkFromHomePolicy.pdf|WorkFromHomePolicy.pdf|WorkFromHomePolicy.pdf,0.5503|0.5148|0.5052|0.4983|0.4963,Manager,0.0,0.9,0.2,0.8,1.0,0.0112,0.0487,2.9968,0.4492,3.5058
Are employees eligible for internet reimbursement during remote work?,employees eligible internet reimbursement during remote work,Employees working remotely full-time or on approved long-term WFH are eligible for a monthly internet allowance.,WorkFromHomePolicy.pdf,WorkFromHomePolicy.pdf|WorkFromHomePolicy.pdf|WorkFromHomePolicy.pdf|WorkFromHomePolicy.pdf|WorkFromHomePolicy.pdf,0.5959|0.5827|0.5717|0.5669|0.5353,I couldn't find this information in the uploaded company policies.,1.0,0.2,0.0,0.0,1.0,0.0086,0.0477,4.8309,0.493,5.3803
What hardware requirements are necessary for working from home?,hardware requirements necessary working home,Employees must use company-issued laptops connected via the secure VPN for all WFH duties.,WorkFromHomePolicy.pdf,WorkFromHomePolicy.pdf|WorkFromHomePolicy.pdf|WorkFromHomePolicy.pdf|WorkFromHomePolicy.pdf|WorkFromHomePolicy.pdf,0.4636|0.4453|0.4059|0.3823|0.3714,Reliable internet connectivity and appropriate equipment,0.5,0.8,0.2,0.0,1.0,0.0084,0.0496,3.5093,0.4189,3.9862
Can an employee work from an international location during WFH?,employee work international location during work home,"Working from an international location requires advance approval from HR, IT security, and compliance.",WorkFromHomePolicy.pdf,WorkFromHomePolicy.pdf|WorkFromHomePolicy.pdf|WorkFromHomePolicy.pdf|WorkFromHomePolicy.pdf|WorkFromHomePolicy.pdf,0.523|0.5189|0.5176|0.5077|0.5019,I couldn't find this information in the uploaded company policies.,1.0,0.0,0.0,0.0,1.0,0.0121,0.0488,2.7797,0.4655,3.3061
What is the expectation for employee availability during WFH hours?,expectation employee availability during work home hours,"Employees must remain available via Slack, Microsoft Teams, and email during business hours.",WorkFromHomePolicy.pdf,WorkFromHomePolicy.pdf|WorkFromHomePolicy.pdf|WorkFromHomePolicy.pdf|WorkFromHomePolicy.pdf|WorkFromHomePolicy.pdf,0.6106|0.5421|0.5222|0.5164|0.5119,Employees are expected to remain available during core business hours and follow their normal working hours of 9:00 AM to 6:00 PM unless otherwise approved.,0.9,0.9,0.4,0.5,1.0,0.0086,0.047,3.4922,0.4727,4.0206
How far in advance must WFH requests be submitted?,far advance work home requests submitted,WFH requests should be submitted at least 24 hours prior to the requested remote workday.,WorkFromHomePolicy.pdf,WorkFromHomePolicy.pdf|WorkFromHomePolicy.pdf|WorkFromHomePolicy.pdf|WorkFromHomePolicy.pdf|WorkFromHomePolicy.pdf,0.4588|0.4302|0.4258|0.4124|0.3993,I couldn't find this information in the uploaded company policies.,1.0,0.0,0.0,0.0,1.0,0.0109,0.0563,3.1799,0.4322,3.6793
What happens if an employee experiences a power outage during WFH?,happens if employee experiences power outage during work home,"If power or internet outage exceeds 2 hours, the employee must inform their manager and report to the office if feasible.",WorkFromHomePolicy.pdf,WorkFromHomePolicy.pdf|WorkFromHomePolicy.pdf|WorkFromHomePolicy.pdf|WorkFromHomePolicy.pdf|WorkFromHomePolicy.pdf,0.4767|0.4626|0.4558|0.4529|0.4413,I couldn't find this information in the uploaded company policies.,1.0,0.0,0.0,0.0,1.0,0.016,0.0505,2.7807,0.4314,3.2786
Can probationers apply for work from home?,probationers apply work home,Probationary employees are generally required to work from office unless explicit exemption is granted by HR.,WorkFromHomePolicy.pdf,WorkFromHomePolicy.pdf|WorkFromHomePolicy.pdf|WorkFromHomePolicy.pdf|WorkFromHomePolicy.pdf|WorkFromHomePolicy.pdf,0.441|0.3963|0.3821|0.38|0.3711,I couldn't find this information in the uploaded company policies.,1.0,0.0,0.0,0.0,1.0,0.0126,0.0561,2.97,0.4535,3.4922
What is the password change policy frequency according to IT security?,password change policy frequency according security,Employees must update their passwords every 90 days following security guidelines.,IT security policy.pdf,IT security policy.pdf|IT security policy.pdf|WorkFromHomePolicy.pdf|IT security policy.pdf|Dress_Code_Policy.pdf,0.575|0.3739|0.3518|0.3499|0.3313,every 90 days,0.8,0.9,0.6,0.8,1.0,0.0096,0.0353,2.8838,0.3914,3.32
Are multi-factor authentication (MFA) requirements mandatory?,multi factor authentication mfa requirements mandatory,"Yes, Multi-Factor Authentication (MFA) is mandatory for accessing company systems and applications.",IT security policy.pdf,IT security policy.pdf|WorkFromHomePolicy.pdf|EmployeeBenefits.pdf|IT security policy.pdf|IT security policy.pdf,0.5685|0.2869|0.2817|0.2292|0.2285,"Yes, Multi-Factor Authentication (MFA) is mandatory for all corporate applications.",1.0,1.0,0.8,0.8,1.0,0.0087,0.0509,2.9092,0.6106,3.5794
What is the protocol for reporting lost or stolen company devices?,protocol reporting lost stolen company devices,Lost or stolen company devices must be reported immediately to the IT Helpdesk and Security Team within 2 hours.,IT security policy.pdf,WorkFromHomePolicy.pdf|IT security policy.pdf|IT security policy.pdf|IT security policy.pdf|IT security policy.pdf,0.4359|0.3758|0.3548|0.3459|0.3455,Lost or stolen devices must be reported to the IT department within one hour of discovery.,0.8,0.9,0.4,0.8,1.0,0.0093,0.0336,2.7867,0.728,3.5576
Is connecting personal USB drives to company laptops allowed?,connecting personal usb drives company laptops allowed,Connecting unauthorized personal USB drives or storage devices to company hardware is strictly prohibited.,IT security policy.pdf,IT security policy.pdf|WorkFromHomePolicy.pdf|IT security policy.pdf|TravelPolicy.pdf|WorkFromHomePolicy.pdf,0.5783|0.4286|0.3444|0.3365|0.3153,No,0.0,0.9,0.4,0.8,1.0,0.0097,0.0395,2.81,0.6544,3.5135
What constitutes confidential company data according to IT policy?,constitutes confidential company data according policy,"Confidential data includes customer PII, financial records, proprietary source code, and employee personal files.",IT security policy.pdf,IT security policy.pdf|WorkFromHomePolicy.pdf|IT security policy.pdf|WorkFromHomePolicy.pdf|IT security policy.pdf,0.6252|0.6067|0.4834|0.4805|0.468,"Confidential company data includes employee records, payroll information, customer information, financial reports, source code, and business strategies.",0.9,1.0,0.4,0.8,1.0,0.0111,0.1234,2.8679,0.5793,3.5817
What is the VPN requirement when connecting to public Wi-Fi?,vpn requirement connecting public wi fi,Employees must connect through the official company VPN whenever using public or untrusted Wi-Fi networks.,IT security policy.pdf,IT security policy.pdf|WorkFromHomePolicy.pdf|WorkFromHomePolicy.pdf|WorkFromHomePolicy.pdf|WorkFromHomePolicy.pdf,0.4015|0.3474|0.1904|0.1868|0.1852,Never use public Wi-Fi without VPN protection,1.0,0.9,0.2,0.8,1.0,0.013,0.0423,2.7816,0.3915,3.2284
What are the rules regarding software installation on work computers?,rules regarding software installation work computers,Employees cannot install unapproved third-party software; all installations must be deployed via IT administrator tools.,IT security policy.pdf,IT security policy.pdf|WorkFromHomePolicy.pdf|IT security policy.pdf|WorkFromHomePolicy.pdf|IT security policy.pdf,0.457|0.4176|0.3991|0.3877|0.3833,"Only software approved by the IT department may be installed on company devices. Employees must not install pirated software, download cracked applications, or install browser extensions without approval. Software updates should not be postponed without a valid business reason.",1.0,0.9,0.4,0.8,1.0,0.0146,0.0545,2.8241,0.5357,3.4289
What is the clean desk policy requirement?,clean desk policy requirement,Sensitive documents and storage media must be locked away when workstations are unattended.,IT security policy.pdf,Dress_Code_Policy.pdf|WorkFromHomePolicy.pdf|Dress_Code_Policy.pdf|IT security policy.pdf|IT security policy.pdf,0.4041|0.3989|0.3978|0.3978|0.3977,I couldn't find this information in the uploaded company policies.,1.0,0.0,0.0,0.0,1.0,0.0054,0.0297,2.7807,0.6058,3.4216
How should phishing emails be reported?,phishing emails reported,Phishing emails should be reported using the 'Report Phish' button in Outlook or forwarded to security@company.com.,IT security policy.pdf,IT security policy.pdf|IT security policy.pdf|IT security policy.pdf|IT security policy.pdf|IT security policy.pdf,0.5016|0.3796|0.2342|0.2222|0.1988,Phishing emails should be reported immediately to the IT Security Team.,0.5,0.9,0.2,0.6,1.0,0.0091,0.0309,2.7757,0.4462,3.2618
What is the penalty for sharing system login credentials?,penalty sharing system login credentials,Sharing login credentials is a zero-tolerance policy violation subject to immediate disciplinary action up to termination.,IT security policy.pdf,IT security policy.pdf|WorkFromHomePolicy.pdf|WorkFromHomePolicy.pdf|WorkFromHomePolicy.pdf|IT security policy.pdf,0.4268|0.3396|0.3107|0.2627|0.2593,Failure to follow these responsibilities may result in disciplinary action.,0.8,0.5,0.85,0.85,1.0,0.0109,0.0473,2.8992,0.6812,3.6386
What expense allowance is provided for domestic business travel daily meals?,expense allowance provided domestic business travel daily meals,Employees on domestic business travel receive a daily meal allowance of up to $50.,TravelPolicy.pdf,TravelPolicy.pdf|TravelPolicy.pdf|TravelPolicy.pdf|TravelPolicy.pdf|EmployeeBenefits.pdf,0.7429|0.5023|0.4806|0.4426|0.4345,"Both Gemini and Groq failed: Error code: 429 - {'error': {'message': 'Rate limit reached for model `llama-3.3-70b-versatile` in organization `org_01jy5qr9a3eatrk50fx5m94z3y` service tier `on_demand` on tokens per day (TPD): Limit 100000, Used 99689, Requested 695. Please try again in 5m31.776s. Need more tokens? Upgrade to Dev Tier today at https://console.groq.com/settings/billing', 'type': 'tokens', 'code': 'rate_limit_exceeded'}}",0.85,0.0,0.85,0.85,1.0,0.0098,0.0513,3.0878,0.2023,3.3513
Which flight class can employees book for domestic travel?,flight class employees book domestic travel,Economy class must be booked for all domestic flights under 6 hours in duration.,TravelPolicy.pdf,TravelPolicy.pdf|TravelPolicy.pdf|TravelPolicy.pdf|TravelPolicy.pdf|TravelPolicy.pdf,0.5778|0.4909|0.4897|0.4584|0.4573,"Both Gemini and Groq failed: Error code: 429 - {'error': {'message': 'Rate limit reached for model `llama-3.3-70b-versatile` in organization `org_01jy5qr9a3eatrk50fx5m94z3y` service tier `on_demand` on tokens per day (TPD): Limit 100000, Used 99935, Requested 647. Please try again in 8m22.847999999s. Need more tokens? Upgrade to Dev Tier today at https://console.groq.com/settings/billing', 'type': 'tokens', 'code': 'rate_limit_exceeded'}}",0.85,0.85,0.85,0.85,1.0,0.0103,0.0498,2.7861,0.1981,3.0442
How far in advance must business travel be booked?,far advance business travel booked,Travel bookings must be completed at least 14 days prior to departure to secure optimal corporate rates.,TravelPolicy.pdf,TravelPolicy.pdf|TravelPolicy.pdf|TravelPolicy.pdf|TravelPolicy.pdf|TravelPolicy.pdf,0.4899|0.4757|0.4583|0.4336|0.4241,"Both Gemini and Groq failed: Error code: 429 - {'error': {'message': 'Rate limit reached for model `llama-3.3-70b-versatile` in organization `org_01jy5qr9a3eatrk50fx5m94z3y` service tier `on_demand` on tokens per day (TPD): Limit 100000, Used 99931, Requested 668. Please try again in 8m37.535999999s. Need more tokens? Upgrade to Dev Tier today at https://console.groq.com/settings/billing', 'type': 'tokens', 'code': 'rate_limit_exceeded'}}",0.85,0.85,0.85,0.85,1.0,0.0088,0.0437,2.4939,0.1875,2.7339
What is the procedure for submitting travel expense claims?,procedure submitting travel expense claims,Expense claims along with original receipts must be submitted via the finance portal within 7 days of returning.,TravelPolicy.pdf,TravelPolicy.pdf|TravelPolicy.pdf|TravelPolicy.pdf|EmployeeBenefits.pdf|TravelPolicy.pdf,0.6784|0.5026|0.473|0.4653|0.4514,"Both Gemini and Groq failed: Error code: 429 - {'error': {'message': 'Rate limit reached for model `llama-3.3-70b-versatile` in organization `org_01jy5qr9a3eatrk50fx5m94z3y` service tier `on_demand` on tokens per day (TPD): Limit 100000, Used 99927, Requested 685. Please try again in 8m48.767999999s. Need more tokens? Upgrade to Dev Tier today at https://console.groq.com/settings/billing', 'type': 'tokens', 'code': 'rate_limit_exceeded'}}",0.85,0.85,0.85,0.85,1.0,0.0105,0.0489,2.4812,0.2033,2.7439
Are hotel stays reimbursed during company business trips?,hotel stays reimbursed during company business trips,"Yes, hotel accommodation up to the designated corporate ceiling is fully reimbursed.",TravelPolicy.pdf,TravelPolicy.pdf|TravelPolicy.pdf|TravelPolicy.pdf|EmployeeBenefits.pdf|TravelPolicy.pdf,0.6424|0.5911|0.5866|0.5459|0.5113,"Both Gemini and Groq failed: Error code: 429 - {'error': {'message': 'Rate limit reached for model `llama-3.3-70b-versatile` in organization `org_01jy5qr9a3eatrk50fx5m94z3y` service tier `on_demand` on tokens per day (TPD): Limit 100000, Used 99923, Requested 683. Please try again in 8m43.584s. Need more tokens? Upgrade to Dev Tier today at https://console.groq.com/settings/billing', 'type': 'tokens', 'code': 'rate_limit_exceeded'}}",0.85,0.85,0.85,0.85,1.0,0.0097,0.0424,2.5067,0.1804,2.7392
Can personal travel be combined with business travel?,personal travel combined business travel,Personal travel may be combined with business trips provided additional costs are borne entirely by the employee.,TravelPolicy.pdf,TravelPolicy.pdf|TravelPolicy.pdf|TravelPolicy.pdf|TravelPolicy.pdf|TravelPolicy.pdf,0.5922|0.5607|0.5432|0.5325|0.5305,"Both Gemini and Groq failed: Error code: 429 - {'error': {'message': 'Rate limit reached for model `llama-3.3-70b-versatile` in organization `org_01jy5qr9a3eatrk50fx5m94z3y` service tier `on_demand` on tokens per day (TPD): Limit 100000, Used 99919, Requested 621. Please try again in 7m46.56s. Need more tokens? Upgrade to Dev Tier today at https://console.groq.com/settings/billing', 'type': 'tokens', 'code': 'rate_limit_exceeded'}}",0.85,0.85,0.85,0.85,1.0,0.0041,0.0124,2.4448,0.1963,2.6576
What is the cab allowance for travel to and from airports?,cab allowance travel airports,"Employees can claim actual rideshare or taxi costs between home, office, and airport with valid receipts.",TravelPolicy.pdf,TravelPolicy.pdf|TravelPolicy.pdf|TravelPolicy.pdf|TravelPolicy.pdf|TravelPolicy.pdf,0.4455|0.4433|0.3511|0.3337|0.327,"Both Gemini and Groq failed: Error code: 429 - {'error': {'message': 'Rate limit reached for model `llama-3.3-70b-versatile` in organization `org_01jy5qr9a3eatrk50fx5m94z3y` service tier `on_demand` on tokens per day (TPD): Limit 100000, Used 99915, Requested 652. Please try again in 8m9.888s. Need more tokens? Upgrade to Dev Tier today at https://console.groq.com/settings/billing', 'type': 'tokens', 'code': 'rate_limit_exceeded'}}",0.85,0.85,0.85,0.85,1.0,0.0039,0.0224,2.4952,0.1851,2.7066
What is the approval matrix for international business travel?,approval matrix international business travel,"International travel requires approval from the Department Head, Vice President, and Finance Director.",TravelPolicy.pdf,TravelPolicy.pdf|TravelPolicy.pdf|TravelPolicy.pdf|TravelPolicy.pdf|TravelPolicy.pdf,0.6361|0.4901|0.462|0.4315|0.4237,"Both Gemini and Groq failed: Error code: 429 - {'error': {'message': 'Rate limit reached for model `llama-3.3-70b-versatile` in organization `org_01jy5qr9a3eatrk50fx5m94z3y` service tier `on_demand` on tokens per day (TPD): Limit 100000, Used 99911, Requested 656. Please try again in 8m9.888s. Need more tokens? Upgrade to Dev Tier today at https://console.groq.com/settings/billing', 'type': 'tokens', 'code': 'rate_limit_exceeded'}}",0.85,0.85,0.85,0.85,1.0,0.0101,0.0507,2.4747,0.2056,2.7412
Are travel advances provided for business trips?,travel advances provided business trips,Employees can request a travel cash advance for official trips lasting longer than 3 days.,TravelPolicy.pdf,TravelPolicy.pdf|TravelPolicy.pdf|TravelPolicy.pdf|TravelPolicy.pdf|TravelPolicy.pdf,0.5966|0.5831|0.5738|0.5708|0.5673,"Both Gemini and Groq failed: Error code: 429 - {'error': {'message': 'Rate limit reached for model `llama-3.3-70b-versatile` in organization `org_01jy5qr9a3eatrk50fx5m94z3y` service tier `on_demand` on tokens per day (TPD): Limit 100000, Used 99907, Requested 632. Please try again in 7m45.696s. Need more tokens? Upgrade to Dev Tier today at https://console.groq.com/settings/billing', 'type': 'tokens', 'code': 'rate_limit_exceeded'}}",0.85,0.85,0.85,0.85,1.0,0.0074,0.0339,2.5217,0.1964,2.7594
What health insurance coverage is provided to full-time employees?,health insurance coverage provided full time employees,Full-time employees receive comprehensive group health insurance coverage including inpatient and outpatient benefits.,EmployeeBenefits.pdf,EmployeeBenefits.pdf|EmployeeBenefits.pdf|EmployeeBenefits.pdf|EmployeeBenefits.pdf|EmployeeBenefits.pdf,0.6686|0.5416|0.5182|0.4942|0.4766,"Both Gemini and Groq failed: Error code: 429 - {'error': {'message': 'Rate limit reached for model `llama-3.3-70b-versatile` in organization `org_01jy5qr9a3eatrk50fx5m94z3y` service tier `on_demand` on tokens per day (TPD): Limit 100000, Used 99903, Requested 835. Please try again in 10m37.632s. Need more tokens? Upgrade to Dev Tier today at https://console.groq.com/settings/billing', 'type': 'tokens', 'code': 'rate_limit_exceeded'}}",0.85,0.85,0.85,0.85,1.0,0.0101,0.0491,2.5844,0.1958,2.8395
Are dependents covered under the company health insurance plan?,dependents covered under company health insurance plan,"Yes, legal spouse and up to two dependent children are covered under the company group health insurance policy.",EmployeeBenefits.pdf,EmployeeBenefits.pdf|EmployeeBenefits.pdf|EmployeeBenefits.pdf|LeavePolicy(1).pdf|EmployeeBenefits.pdf,0.5945|0.4326|0.4109|0.4036|0.3901,"Both Gemini and Groq failed: Error code: 429 - {'error': {'message': 'Rate limit reached for model `llama-3.3-70b-versatile` in organization `org_01jy5qr9a3eatrk50fx5m94z3y` service tier `on_demand` on tokens per day (TPD): Limit 100000, Used 99899, Requested 819. Please try again in 10m20.352s. Need more tokens? Upgrade to Dev Tier today at https://console.groq.com/settings/billing', 'type': 'tokens', 'code': 'rate_limit_exceeded'}}",0.85,0.85,0.85,0.85,1.0,0.0039,0.0253,2.5028,0.1861,2.7181
What is the gym and wellness reimbursement amount per year?,gym wellness reimbursement amount per year,Employees are eligible for a annual wellness reimbursement of up to $300 for gym memberships or fitness classes.,EmployeeBenefits.pdf,EmployeeBenefits.pdf|EmployeeBenefits.pdf|TravelPolicy.pdf|TravelPolicy.pdf|EmployeeBenefits.pdf,0.4185|0.3072|0.2748|0.2745|0.2546,"Both Gemini and Groq failed: Error code: 429 - {'error': {'message': 'Rate limit reached for model `llama-3.3-70b-versatile` in organization `org_01jy5qr9a3eatrk50fx5m94z3y` service tier `on_demand` on tokens per day (TPD): Limit 100000, Used 99895, Requested 750. Please try again in 9m17.28s. Need more tokens? Upgrade to Dev Tier today at https://console.groq.com/settings/billing', 'type': 'tokens', 'code': 'rate_limit_exceeded'}}",0.85,0.85,0.85,0.85,1.0,0.0038,0.0252,2.5052,0.1747,2.7089
Does the company offer a retirement contribution matching scheme?,company offer retirement contribution matching scheme,The company matches employee 401(k) or Provident Fund contributions up to 5% of monthly base salary.,EmployeeBenefits.pdf,EmployeeBenefits.pdf|EmployeeBenefits.pdf|EmployeeBenefits.pdf|EmployeeBenefits.pdf|EmployeeBenefits.pdf,0.4782|0.3392|0.3318|0.3|0.299,"Both Gemini and Groq failed: Error code: 429 - {'error': {'message': 'Rate limit reached for model `llama-3.3-70b-versatile` in organization `org_01jy5qr9a3eatrk50fx5m94z3y` service tier `on_demand` on tokens per day (TPD): Limit 100000, Used 99891, Requested 862. Please try again in 10m50.592s. Need more tokens? Upgrade to Dev Tier today at https://console.groq.com/settings/billing', 'type': 'tokens', 'code': 'rate_limit_exceeded'}}",0.85,0.85,0.85,0.85,1.0,0.0059,0.0241,2.4667,0.1789,2.6756
What tuition assistance or learning stipend is available?,tuition assistance learning stipend available,"Employees can claim up to $1,000 per year for job-related certifications, courses, and educational workshops.",EmployeeBenefits.pdf,EmployeeBenefits.pdf|Company Training Period Policy.docx|Company Training Period Policy.docx|Training_Period_Policy.pdf|Training_Period_Policy.pdf,0.3423|0.2817|0.2652|0.2632|0.263,"Both Gemini and Groq failed: Error code: 429 - {'error': {'message': 'Rate limit reached for model `llama-3.3-70b-versatile` in organization `org_01jy5qr9a3eatrk50fx5m94z3y` service tier `on_demand` on tokens per day (TPD): Limit 100000, Used 99887, Requested 701. Please try again in 8m28.032s. Need more tokens? Upgrade to Dev Tier today at https://console.groq.com/settings/billing', 'type': 'tokens', 'code': 'rate_limit_exceeded'}}",0.85,0.85,0.85,0.85,1.0,0.0041,0.0222,2.4855,0.207,2.7188
Is life insurance provided by the employer?,life insurance provided employer,Group life insurance coverage equal to 2x annual base salary is provided to all permanent staff.,EmployeeBenefits.pdf,EmployeeBenefits.pdf|EmployeeBenefits.pdf|EmployeeBenefits.pdf|EmployeeBenefits.pdf|EmployeeBenefits.pdf,0.6155|0.5037|0.4369|0.4059|0.4049,"Both Gemini and Groq failed: Error code: 429 - {'error': {'message': 'Rate limit reached for model `llama-3.3-70b-versatile` in organization `org_01jy5qr9a3eatrk50fx5m94z3y` service tier `on_demand` on tokens per day (TPD): Limit 100000, Used 99883, Requested 825. Please try again in 10m11.712s. Need more tokens? Upgrade to Dev Tier today at https://console.groq.com/settings/billing', 'type': 'tokens', 'code': 'rate_limit_exceeded'}}",0.85,0.85,0.85,0.85,1.0,0.0034,0.0144,2.5384,0.1762,2.7325
What mental health support resources are available to staff?,mental health support resources available staff,Employees have access to 6 free confidential counseling sessions per year via the Employee Assistance Program (EAP).,EmployeeBenefits.pdf,EmployeeBenefits.pdf|EmployeeBenefits.pdf|EmployeeBenefits.pdf|EmployeeBenefits.pdf|Company Training Period Policy.docx,0.3987|0.3624|0.3139|0.3094|0.3026,"Both Gemini and Groq failed: Error code: 429 - {'error': {'message': 'Rate limit reached for model `llama-3.3-70b-versatile` in organization `org_01jy5qr9a3eatrk50fx5m94z3y` service tier `on_demand` on tokens per day (TPD): Limit 100000, Used 99879, Requested 769. Please try again in 9m19.872s. Need more tokens? Upgrade to Dev Tier today at https://console.groq.com/settings/billing', 'type': 'tokens', 'code': 'rate_limit_exceeded'}}",0.85,0.85,0.85,0.85,1.0,0.0055,0.0288,2.5332,0.1739,2.7414
What is the annual performance bonus evaluation period?,annual performance bonus evaluation period,Performance bonuses are evaluated annually based on company performance and individual KPI achievements.,EmployeeBenefits.pdf,EmployeeBenefits.pdf|Training_Period_Policy.pdf|EmployeeBenefits.pdf|EmployeeBenefits.pdf|Company Training Period Policy.docx,0.6548|0.575|0.4408|0.4137|0.3568,"Both Gemini and Groq failed: Error code: 429 - {'error': {'message': 'Rate limit reached for model `llama-3.3-70b-versatile` in organization `org_01jy5qr9a3eatrk50fx5m94z3y` service tier `on_demand` on tokens per day (TPD): Limit 100000, Used 99875, Requested 789. Please try again in 9m33.696s. Need more tokens? Upgrade to Dev Tier today at https://console.groq.com/settings/billing', 'type': 'tokens', 'code': 'rate_limit_exceeded'}}",0.85,0.85,0.85,0.85,1.0,0.0048,0.0261,2.5533,0.1623,2.7466
What is the formal dress code policy for business meetings?,formal dress code policy business meetings,"Business formal attire (suit, blazer, formal shoes) is required for external client and investor meetings.",Dress_Code_Policy.pdf,Dress_Code_Policy.pdf|Dress_Code_Policy.pdf|Dress_Code_Policy.pdf|Dress_Code_Policy.pdf|Dress_Code_Policy.pdf,0.8021|0.7346|0.7313|0.7086|0.6907,"Both Gemini and Groq failed: Error code: 429 - {'error': {'message': 'Rate limit reached for model `llama-3.3-70b-versatile` in organization `org_01jy5qr9a3eatrk50fx5m94z3y` service tier `on_demand` on tokens per day (TPD): Limit 100000, Used 99871, Requested 618. Please try again in 7m2.496s. Need more tokens? Upgrade to Dev Tier today at https://console.groq.com/settings/billing', 'type': 'tokens', 'code': 'rate_limit_exceeded'}}",0.85,0.85,0.85,0.85,1.0,0.0038,0.0365,2.4914,0.1705,2.7022
Is smart casual attire permitted on regular workdays?,smart casual attire permitted regular workdays,"Yes, smart casual attire is allowed Monday through Thursday for internal office work.",Dress_Code_Policy.pdf,Dress_Code_Policy.pdf|Dress_Code_Policy.pdf|Dress_Code_Policy.pdf|Dress_Code_Policy.pdf|Dress_Code_Policy.pdf,0.7237|0.695|0.5944|0.5779|0.577,"Both Gemini and Groq failed: Error code: 429 - {'error': {'message': 'Rate limit reached for model `llama-3.3-70b-versatile` in organization `org_01jy5qr9a3eatrk50fx5m94z3y` service tier `on_demand` on tokens per day (TPD): Limit 100000, Used 99867, Requested 645. Please try again in 7m22.368s. Need more tokens? Upgrade to Dev Tier today at https://console.groq.com/settings/billing', 'type': 'tokens', 'code': 'rate_limit_exceeded'}}",0.85,0.85,0.85,0.85,1.0,0.004,0.0241,2.4884,0.1782,2.6947
What is the dress code policy for Casual Fridays?,dress code policy casual fridays,"On Fridays, casual attire such as clean jeans, polo shirts, and neat sneakers are permitted.",Dress_Code_Policy.pdf,Dress_Code_Policy.pdf|Dress_Code_Policy.pdf|Dress_Code_Policy.pdf|Dress_Code_Policy.pdf|Dress_Code_Policy.pdf,0.8135|0.706|0.6872|0.685|0.6847,"Both Gemini and Groq failed: Error code: 429 - {'error': {'message': 'Rate limit reached for model `llama-3.3-70b-versatile` in organization `org_01jy5qr9a3eatrk50fx5m94z3y` service tier `on_demand` on tokens per day (TPD): Limit 100000, Used 99863, Requested 635. Please try again in 7m10.272s. Need more tokens? Upgrade to Dev Tier today at https://console.groq.com/settings/billing', 'type': 'tokens', 'code': 'rate_limit_exceeded'}}",0.85,0.85,0.85,0.85,1.0,0.0042,0.0287,2.5375,0.1804,2.7507
Are athletic wear and flip-flops allowed in the office?,athletic wear flip flops allowed office,"Athletic wear, beach slippers, flip-flops, and inappropriate slogans are strictly prohibited at all times.",Dress_Code_Policy.pdf,Dress_Code_Policy.pdf|Dress_Code_Policy.pdf|Dress_Code_Policy.pdf|Dress_Code_Policy.pdf|Dress_Code_Policy.pdf,0.5315|0.4836|0.4548|0.4517|0.4204,"Both Gemini and Groq failed: Error code: 429 - {'error': {'message': 'Rate limit reached for model `llama-3.3-70b-versatile` in organization `org_01jy5qr9a3eatrk50fx5m94z3y` service tier `on_demand` on tokens per day (TPD): Limit 100000, Used 99859, Requested 651. Please try again in 7m20.64s. Need more tokens? Upgrade to Dev Tier today at https://console.groq.com/settings/billing', 'type': 'tokens', 'code': 'rate_limit_exceeded'}}",0.85,0.85,0.85,0.85,1.0,0.0049,0.0259,2.5054,0.2031,2.7393
What is the duration of the probation period for new hires?,duration probation period new hires,The standard training and probation period for new employees is 6 months from the date of joining.,Training_Period_Policy.pdf,Training_Period_Policy.pdf|Company Training Period Policy.docx|Training_Period_Policy.pdf|Company Training Period Policy.docx|Company Training Period Policy.docx,0.5091|0.5086|0.477|0.477|0.4037,"Both Gemini and Groq failed: Error code: 429 - {'error': {'message': 'Rate limit reached for model `llama-3.3-70b-versatile` in organization `org_01jy5qr9a3eatrk50fx5m94z3y` service tier `on_demand` on tokens per day (TPD): Limit 100000, Used 99855, Requested 676. Please try again in 7m38.784s. Need more tokens? Upgrade to Dev Tier today at https://console.groq.com/settings/billing', 'type': 'tokens', 'code': 'rate_limit_exceeded'}}",0.85,0.85,0.85,0.85,1.0,0.0052,0.0261,2.5214,0.1863,2.739
Can the training period be extended?,training period extended,"Yes, the training period can be extended by up to 3 months based on performance evaluation reviews.",Training_Period_Policy.pdf,Training_Period_Policy.pdf|Company Training Period Policy.docx|Training_Period_Policy.pdf|Company Training Period Policy.docx|Company Training Period Policy.docx,0.7916|0.7489|0.7227|0.6842|0.6635,"Both Gemini and Groq failed: Error code: 429 - {'error': {'message': 'Rate limit reached for model `llama-3.3-70b-versatile` in organization `org_01jy5qr9a3eatrk50fx5m94z3y` service tier `on_demand` on tokens per day (TPD): Limit 100000, Used 99851, Requested 734. Please try again in 8m25.44s. Need more tokens? Upgrade to Dev Tier today at https://console.groq.com/settings/billing', 'type': 'tokens', 'code': 'rate_limit_exceeded'}}",0.85,0.85,0.85,0.85,1.0,0.0045,0.0222,2.4706,0.1692,2.6664
What notice period is required during the training period?,notice period required during training period,Either party may terminate employment during probation with a 15-day notice period or pay in lieu thereof.,Training_Period_Policy.pdf,Company Training Period Policy.docx|Training_Period_Policy.pdf|Company Training Period Policy.docx|Training_Period_Policy.pdf|Training_Period_Policy.pdf,0.7097|0.6702|0.6476|0.6476|0.6462,"Both Gemini and Groq failed: Error code: 429 - {'error': {'message': 'Rate limit reached for model `llama-3.3-70b-versatile` in organization `org_01jy5qr9a3eatrk50fx5m94z3y` service tier `on_demand` on tokens per day (TPD): Limit 100000, Used 99847, Requested 715. Please try again in 8m5.568s. Need more tokens? Upgrade to Dev Tier today at https://console.groq.com/settings/billing', 'type': 'tokens', 'code': 'rate_limit_exceeded'}}",0.85,0.85,0.85,0.85,1.0,0.0057,0.0229,2.4703,0.1909,2.6898
What evaluation criteria are used during probation review?,evaluation criteria used during probation review,"Probation reviews assess technical competence, team collaboration, punctuality, and project delivery speed.",Training_Period_Policy.pdf,Training_Period_Policy.pdf|Company Training Period Policy.docx|Training_Period_Policy.pdf|Company Training Period Policy.docx|EmployeeBenefits.pdf,0.514|0.3668|0.3247|0.3247|0.3159,"Both Gemini and Groq failed: Error code: 429 - {'error': {'message': 'Rate limit reached for model `llama-3.3-70b-versatile` in organization `org_01jy5qr9a3eatrk50fx5m94z3y` service tier `on_demand` on tokens per day (TPD): Limit 100000, Used 99843, Requested 779. Please try again in 8m57.408s. Need more tokens? Upgrade to Dev Tier today at https://console.groq.com/settings/billing', 'type': 'tokens', 'code': 'rate_limit_exceeded'}}",0.85,0.85,0.85,0.85,1.0,0.0042,0.022,2.4736,0.171,2.6709
What training sessions are mandatory during onboarding?,training sessions mandatory during onboarding,"Mandatory onboarding training includes IT Security Awareness, HR Compliance, Code of Conduct, and Safety Training.",Company Training Period Policy.docx,Training_Period_Policy.pdf|Training_Period_Policy.pdf|Company Training Period Policy.docx|Company Training Period Policy.docx|Training_Period_Policy.pdf,0.5354|0.5095|0.5027|0.5023|0.5007,"Both Gemini and Groq failed: Error code: 429 - {'error': {'message': 'Rate limit reached for model `llama-3.3-70b-versatile` in organization `org_01jy5qr9a3eatrk50fx5m94z3y` service tier `on_demand` on tokens per day (TPD): Limit 100000, Used 99839, Requested 824. Please try again in 9m32.832s. Need more tokens? Upgrade to Dev Tier today at https://console.groq.com/settings/billing', 'type': 'tokens', 'code': 'rate_limit_exceeded'}}",0.85,0.85,0.85,0.85,1.0,0.004,0.0953,2.5341,0.1638,2.7971
Is mentorship assigned to new employees during training?,mentorship assigned new employees during training,Each new hire is assigned a senior team mentor for guidance throughout their training period.,Company Training Period Policy.docx,Company Training Period Policy.docx|Company Training Period Policy.docx|Training_Period_Policy.pdf|Training_Period_Policy.pdf|Training_Period_Policy.pdf,0.4999|0.4882|0.4882|0.4853|0.4643,"Both Gemini and Groq failed: Error code: 429 - {'error': {'message': 'Rate limit reached for model `llama-3.3-70b-versatile` in organization `org_01jy5qr9a3eatrk50fx5m94z3y` service tier `on_demand` on tokens per day (TPD): Limit 100000, Used 99835, Requested 645. Please try again in 6m54.72s. Need more tokens? Upgrade to Dev Tier today at https://console.groq.com/settings/billing', 'type': 'tokens', 'code': 'rate_limit_exceeded'}}",0.85,0.85,0.85,0.85,1.0,0.006,0.0229,2.489,0.1696,2.6874
How are monthly progress reviews conducted during probation?,monthly progress reviews conducted during probation,Managers conduct monthly 1-on-1 performance checkpoints and log progress in the HR portal.,Company Training Period Policy.docx,Training_Period_Policy.pdf|Training_Period_Policy.pdf|Company Training Period Policy.docx|Company Training Period Policy.docx|Training_Period_Policy.pdf,0.4117|0.3794|0.3792|0.3775|0.3684,"Both Gemini and Groq failed: Error code: 429 - {'error': {'message': 'Rate limit reached for model `llama-3.3-70b-versatile` in organization `org_01jy5qr9a3eatrk50fx5m94z3y` service tier `on_demand` on tokens per day (TPD): Limit 100000, Used 99831, Requested 837. Please try again in 9m37.152s. Need more tokens? Upgrade to Dev Tier today at https://console.groq.com/settings/billing', 'type': 'tokens', 'code': 'rate_limit_exceeded'}}",0.85,0.85,0.85,0.85,1.0,0.0051,0.0282,2.4967,0.1917,2.7218
What happens upon successful completion of the training period?,happens upon successful completion training period,"Upon successful completion, HR issues a formal confirmation letter transitioning the employee to permanent status.",Company Training Period Policy.docx,Company Training Period Policy.docx|Training_Period_Policy.pdf|Company Training Period Policy.docx|Training_Period_Policy.pdf|Company Training Period Policy.docx,0.6605|0.6605|0.6009|0.5851|0.5681,"Both Gemini and Groq failed: Error code: 429 - {'error': {'message': 'Rate limit reached for model `llama-3.3-70b-versatile` in organization `org_01jy5qr9a3eatrk50fx5m94z3y` service tier `on_demand` on tokens per day (TPD): Limit 100000, Used 99828, Requested 728. Please try again in 8m0.383999999s. Need more tokens? Upgrade to Dev Tier today at https://console.groq.com/settings/billing', 'type': 'tokens', 'code': 'rate_limit_exceeded'}}",0.85,0.85,0.85,0.85,1.0,0.0041,0.0177,2.4434,0.203,2.6683
Can sick leave be carried forward to the next calendar year?,sick leave carried forward next calendar year,"No, sick leave cannot be carried forward and lapses at the end of every calendar year.",LeavePolicy(1).pdf,LeavePolicy(1).pdf|LeavePolicy(1).pdf|LeavePolicy(1).pdf|LeavePolicy(1).pdf|EmployeeBenefits.pdf,0.6772|0.4956|0.4918|0.4221|0.4159,"Both Gemini and Groq failed: Error code: 429 - {'error': {'message': 'Rate limit reached for model `llama-3.3-70b-versatile` in organization `org_01jy5qr9a3eatrk50fx5m94z3y` service tier `on_demand` on tokens per day (TPD): Limit 100000, Used 99824, Requested 737. Please try again in 8m4.704s. Need more tokens? Upgrade to Dev Tier today at https://console.groq.com/settings/billing', 'type': 'tokens', 'code': 'rate_limit_exceeded'}}",0.85,0.85,0.85,0.85,1.0,0.0039,0.0217,2.4943,0.1662,2.6861
What is the maximum earned leave balance an employee can accumulate?,maximum earned leave balance employee accumulate,Employees can accumulate a maximum of 45 days of earned leave balance.,LeavePolicy(1).pdf,LeavePolicy(1).pdf|LeavePolicy(1).pdf|EmployeeBenefits.pdf|LeavePolicy(1).pdf|LeavePolicy(1).pdf,0.4661|0.4408|0.4213|0.419|0.4054,"Both Gemini and Groq failed: Error code: 429 - {'error': {'message': 'Rate limit reached for model `llama-3.3-70b-versatile` in organization `org_01jy5qr9a3eatrk50fx5m94z3y` service tier `on_demand` on tokens per day (TPD): Limit 100000, Used 99820, Requested 764. Please try again in 8m24.575999999s. Need more tokens? Upgrade to Dev Tier today at https://console.groq.com/settings/billing', 'type': 'tokens', 'code': 'rate_limit_exceeded'}}",0.85,0.85,0.85,0.85,1.0,0.0071,0.0238,2.5299,0.1731,2.7339
Are public holidays counted as leave if falling during vacation?,public holidays counted as leave if falling during vacation,Declared public holidays falling within an approved leave period are not deducted from leave balances.,LeavePolicy(1).pdf,LeavePolicy(1).pdf|LeavePolicy(1).pdf|LeavePolicy(1).pdf|LeavePolicy(1).pdf|EmployeeBenefits.pdf,0.6785|0.4891|0.4729|0.432|0.4118,"Both Gemini and Groq failed: Error code: 429 - {'error': {'message': 'Rate limit reached for model `llama-3.3-70b-versatile` in organization `org_01jy5qr9a3eatrk50fx5m94z3y` service tier `on_demand` on tokens per day (TPD): Limit 100000, Used 99816, Requested 759. Please try again in 8m16.8s. Need more tokens? Upgrade to Dev Tier today at https://console.groq.com/settings/billing', 'type': 'tokens', 'code': 'rate_limit_exceeded'}}",0.85,0.85,0.85,0.85,1.0,0.0051,0.0255,2.574,0.1949,2.7994
How does sabbatical leave work for long-tenured employees?,sabbatical leave work long tenured employees,Employees with over 5 years of continuous service may apply for unpaid sabbatical leave of up to 6 months.,LeavePolicy(1).pdf,LeavePolicy(1).pdf|LeavePolicy(1).pdf|LeavePolicy(1).pdf|LeavePolicy(1).pdf|LeavePolicy(1).pdf,0.5091|0.5055|0.4925|0.467|0.462,"Both Gemini and Groq failed: Error code: 429 - {'error': {'message': 'Rate limit reached for model `llama-3.3-70b-versatile` in organization `org_01jy5qr9a3eatrk50fx5m94z3y` service tier `on_demand` on tokens per day (TPD): Limit 100000, Used 99812, Requested 722. Please try again in 7m41.376s. Need more tokens? Upgrade to Dev Tier today at https://console.groq.com/settings/billing', 'type': 'tokens', 'code': 'rate_limit_exceeded'}}",0.85,0.85,0.85,0.85,1.0,0.0063,0.0304,2.5999,0.1742,2.8109
Is leave without pay (LWP) permitted?,leave without pay lwp permitted,Leave Without Pay (LWP) requires approval from the Department Head and HR when paid leave balances are exhausted.,LeavePolicy(1).pdf,LeavePolicy(1).pdf|LeavePolicy(1).pdf|LeavePolicy(1).pdf|LeavePolicy(1).pdf|WorkFromHomePolicy.pdf,0.5904|0.4485|0.4247|0.422|0.418,"Both Gemini and Groq failed: Error code: 429 - {'error': {'message': 'Rate limit reached for model `llama-3.3-70b-versatile` in organization `org_01jy5qr9a3eatrk50fx5m94z3y` service tier `on_demand` on tokens per day (TPD): Limit 100000, Used 99807, Requested 739. Please try again in 7m51.744s. Need more tokens? Upgrade to Dev Tier today at https://console.groq.com/settings/billing', 'type': 'tokens', 'code': 'rate_limit_exceeded'}}",0.85,0.85,0.85,0.85,1.0,0.0129,0.0949,2.5205,0.173,2.8014
What is the policy on half-day casual leave?,policy half day casual leave,Casual leave can be taken as a half-day session (morning or afternoon).,LeavePolicy(1).pdf,LeavePolicy(1).pdf|LeavePolicy(1).pdf|LeavePolicy(1).pdf|LeavePolicy(1).pdf|LeavePolicy(1).pdf,0.7345|0.6045|0.5888|0.5785|0.5488,"Both Gemini and Groq failed: Error code: 429 - {'error': {'message': 'Rate limit reached for model `llama-3.3-70b-versatile` in organization `org_01jy5qr9a3eatrk50fx5m94z3y` service tier `on_demand` on tokens per day (TPD): Limit 100000, Used 99803, Requested 731. Please try again in 7m41.376s. Need more tokens? Upgrade to Dev Tier today at https://console.groq.com/settings/billing', 'type': 'tokens', 'code': 'rate_limit_exceeded'}}",0.85,0.85,0.85,0.85,1.0,0.0082,0.04,2.5175,0.1752,2.7409
Can leave requests be cancelled after manager approval?,leave requests cancelled after manager approval,Employees can cancel approved leave before the start date via the HR system.,LeavePolicy(1).pdf,LeavePolicy(1).pdf|LeavePolicy(1).pdf|LeavePolicy(1).pdf|LeavePolicy(1).pdf|LeavePolicy(1).pdf,0.6015|0.4779|0.4764|0.4244|0.4094,"Both Gemini and Groq failed: Error code: 429 - {'error': {'message': 'Rate limit reached for model `llama-3.3-70b-versatile` in organization `org_01jy5qr9a3eatrk50fx5m94z3y` service tier `on_demand` on tokens per day (TPD): Limit 100000, Used 99799, Requested 700. Please try again in 7m11.135999999s. Need more tokens? Upgrade to Dev Tier today at https://console.groq.com/settings/billing', 'type': 'tokens', 'code': 'rate_limit_exceeded'}}",0.85,0.85,0.85,0.85,1.0,0.0098,0.0471,2.5497,0.1719,2.7784
Are emergency leaves granted without prior notice?,emergency leaves granted without prior notice,Emergency casual leave must be reported to the manager via phone or message by 10 AM on the day of absence.,LeavePolicy(1).pdf,LeavePolicy(1).pdf|LeavePolicy(1).pdf|TravelPolicy.pdf|EmployeeBenefits.pdf|LeavePolicy(1).pdf,0.4359|0.3631|0.3409|0.3384|0.3179,"Both Gemini and Groq failed: Error code: 429 - {'error': {'message': 'Rate limit reached for model `llama-3.3-70b-versatile` in organization `org_01jy5qr9a3eatrk50fx5m94z3y` service tier `on_demand` on tokens per day (TPD): Limit 100000, Used 99795, Requested 719. Please try again in 7m24.095999999s. Need more tokens? Upgrade to Dev Tier today at https://console.groq.com/settings/billing', 'type': 'tokens', 'code': 'rate_limit_exceeded'}}",0.85,0.85,0.85,0.85,1.0,0.0105,0.0453,2.5071,0.175,2.7379
What equipment does the IT department provide for WFH?,equipment department provide work home,"IT provides a laptop, charger, security token, and headset for remote working.",WorkFromHomePolicy.pdf,WorkFromHomePolicy.pdf|WorkFromHomePolicy.pdf|WorkFromHomePolicy.pdf|WorkFromHomePolicy.pdf|WorkFromHomePolicy.pdf,0.5308|0.4547|0.4456|0.4154|0.4071,"Both Gemini and Groq failed: Error code: 429 - {'error': {'message': 'Rate limit reached for model `llama-3.3-70b-versatile` in organization `org_01jy5qr9a3eatrk50fx5m94z3y` service tier `on_demand` on tokens per day (TPD): Limit 100000, Used 99791, Requested 768. Please try again in 8m2.976s. Need more tokens? Upgrade to Dev Tier today at https://console.groq.com/settings/billing', 'type': 'tokens', 'code': 'rate_limit_exceeded'}}",0.85,0.85,0.85,0.85,1.0,0.0084,0.0277,2.5224,0.1761,2.7345
Is working from public places like cafes permitted under WFH policy?,working public places like cafes permitted under work home policy,Working from public cafes or unsecure environments is discouraged unless secure VPN and privacy screens are used.,WorkFromHomePolicy.pdf,WorkFromHomePolicy.pdf|WorkFromHomePolicy.pdf|WorkFromHomePolicy.pdf|WorkFromHomePolicy.pdf|WorkFromHomePolicy.pdf,0.4865|0.4858|0.4797|0.4789|0.4537,"Both Gemini and Groq failed: Error code: 429 - {'error': {'message': 'Rate limit reached for model `llama-3.3-70b-versatile` in organization `org_01jy5qr9a3eatrk50fx5m94z3y` service tier `on_demand` on tokens per day (TPD): Limit 100000, Used 99787, Requested 787. Please try again in 8m15.936s. Need more tokens? Upgrade to Dev Tier today at https://console.groq.com/settings/billing', 'type': 'tokens', 'code': 'rate_limit_exceeded'}}",0.85,0.85,0.85,0.85,1.0,0.0113,0.0611,2.508,0.175,2.7554
Can a manager revoke WFH privileges for low performance?,manager revoke work home privileges low performance,Managers reserve the right to revoke WFH privileges if employee performance or availability falls below standards.,WorkFromHomePolicy.pdf,WorkFromHomePolicy.pdf|WorkFromHomePolicy.pdf|WorkFromHomePolicy.pdf|WorkFromHomePolicy.pdf|WorkFromHomePolicy.pdf,0.4587|0.397|0.3761|0.3732|0.3687,"Both Gemini and Groq failed: Error code: 429 - {'error': {'message': 'Rate limit reached for model `llama-3.3-70b-versatile` in organization `org_01jy5qr9a3eatrk50fx5m94z3y` service tier `on_demand` on tokens per day (TPD): Limit 100000, Used 99783, Requested 794. Please try again in 8m18.528s. Need more tokens? Upgrade to Dev Tier today at https://console.groq.com/settings/billing', 'type': 'tokens', 'code': 'rate_limit_exceeded'}}",0.85,0.85,0.85,0.85,1.0,0.0092,0.0424,2.4949,0.1798,2.7263
What is the protocol for overtime work during remote working days?,protocol overtime work during remote working days,Overtime work during WFH requires pre-approval from the reporting manager in writing.,WorkFromHomePolicy.pdf,WorkFromHomePolicy.pdf|WorkFromHomePolicy.pdf|WorkFromHomePolicy.pdf|WorkFromHomePolicy.pdf|WorkFromHomePolicy.pdf,0.6639|0.5657|0.5332|0.521|0.5137,"Both Gemini and Groq failed: Error code: 429 - {'error': {'message': 'Rate limit reached for model `llama-3.3-70b-versatile` in organization `org_01jy5qr9a3eatrk50fx5m94z3y` service tier `on_demand` on tokens per day (TPD): Limit 100000, Used 99780, Requested 801. Please try again in 8m21.984s. Need more tokens? Upgrade to Dev Tier today at https://console.groq.com/settings/billing', 'type': 'tokens', 'code': 'rate_limit_exceeded'}}",0.85,0.85,0.85,0.85,1.0,0.0058,0.0311,2.5137,0.1771,2.7277
How are ergonomic workspace requirements defined for remote staff?,ergonomic workspace requirements defined remote staff,Employees must ensure a safe and ergonomic workspace environment at home.,WorkFromHomePolicy.pdf,WorkFromHomePolicy.pdf|WorkFromHomePolicy.pdf|WorkFromHomePolicy.pdf|WorkFromHomePolicy.pdf|WorkFromHomePolicy.pdf,0.6228|0.5965|0.5242|0.5163|0.5148,"Both Gemini and Groq failed: Error code: 429 - {'error': {'message': 'Rate limit reached for model `llama-3.3-70b-versatile` in organization `org_01jy5qr9a3eatrk50fx5m94z3y` service tier `on_demand` on tokens per day (TPD): Limit 100000, Used 99776, Requested 793. Please try again in 8m11.616s. Need more tokens? Upgrade to Dev Tier today at https://console.groq.com/settings/billing', 'type': 'tokens', 'code': 'rate_limit_exceeded'}}",0.85,0.0,0.85,0.85,1.0,0.0045,0.0194,2.5045,0.1819,2.7103
Can WFH be combined with official leave?,work home combined official leave,WFH cannot be substituted for sick or casual leave; employees who are unwell should apply for official leave.,WorkFromHomePolicy.pdf,WorkFromHomePolicy.pdf|LeavePolicy(1).pdf|WorkFromHomePolicy.pdf|LeavePolicy(1).pdf|LeavePolicy(1).pdf,0.5994|0.5366|0.5256|0.5208|0.5172,"Both Gemini and Groq failed: Error code: 429 - {'error': {'message': 'Rate limit reached for model `llama-3.3-70b-versatile` in organization `org_01jy5qr9a3eatrk50fx5m94z3y` service tier `on_demand` on tokens per day (TPD): Limit 100000, Used 99934, Requested 739. Please try again in 9m41.472s. Need more tokens? Upgrade to Dev Tier today at https://console.groq.com/settings/billing', 'type': 'tokens', 'code': 'rate_limit_exceeded'}}",0.85,0.85,0.85,0.85,1.0,0.0044,0.0375,2.8963,0.3761,3.3143
What are the rules regarding downloading files on personal devices?,rules regarding downloading files personal devices,Downloading or transferring company documents onto personal non-managed devices is prohibited.,IT security policy.pdf,IT security policy.pdf|IT security policy.pdf|IT security policy.pdf|WorkFromHomePolicy.pdf|IT security policy.pdf,0.4954|0.3789|0.3712|0.3594|0.3303,"Both Gemini and Groq failed: Error code: 429 - {'error': {'message': 'Rate limit reached for model `llama-3.3-70b-versatile` in organization `org_01jy5qr9a3eatrk50fx5m94z3y` service tier `on_demand` on tokens per day (TPD): Limit 100000, Used 99930, Requested 857. Please try again in 11m19.968s. Need more tokens? Upgrade to Dev Tier today at https://console.groq.com/settings/billing', 'type': 'tokens', 'code': 'rate_limit_exceeded'}}",0.85,0.85,0.85,0.85,1.0,0.0084,0.0533,2.5838,0.1847,2.8303
How should sensitive printed documents be disposed of?,sensitive printed documents disposed,Sensitive printed materials must be shredded using office cross-cut shredders.,IT security policy.pdf,WorkFromHomePolicy.pdf|IT security policy.pdf|IT security policy.pdf|IT security policy.pdf|IT security policy.pdf,0.3122|0.2705|0.2469|0.2357|0.2326,"Both Gemini and Groq failed: Error code: 429 - {'error': {'message': 'Rate limit reached for model `llama-3.3-70b-versatile` in organization `org_01jy5qr9a3eatrk50fx5m94z3y` service tier `on_demand` on tokens per day (TPD): Limit 100000, Used 99926, Requested 823. Please try again in 10m47.136s. Need more tokens? Upgrade to Dev Tier today at https://console.groq.com/settings/billing', 'type': 'tokens', 'code': 'rate_limit_exceeded'}}",0.85,0.85,0.85,0.85,1.0,0.0166,0.0613,2.7738,0.1929,3.0445
What is the policy on social media posts mentioning company business?,policy social media posts mentioning company business,Employees must not post confidential information or represent company views without PR authorization.,IT security policy.pdf,TravelPolicy.pdf|TravelPolicy.pdf|IT security policy.pdf|TravelPolicy.pdf|TravelPolicy.pdf,0.3609|0.3527|0.3503|0.3259|0.325,"Both Gemini and Groq failed: Error code: 429 - {'error': {'message': 'Rate limit reached for model `llama-3.3-70b-versatile` in organization `org_01jy5qr9a3eatrk50fx5m94z3y` service tier `on_demand` on tokens per day (TPD): Limit 100000, Used 99921, Requested 683. Please try again in 8m41.856s. Need more tokens? Upgrade to Dev Tier today at https://console.groq.com/settings/billing', 'type': 'tokens', 'code': 'rate_limit_exceeded'}}",0.85,0.85,0.85,0.85,1.0,0.008,0.0515,2.7401,0.1913,2.9909
What happens when an employee enters an incorrect password 5 times?,happens employee enters incorrect password 5 times,The account is temporarily locked for 15 minutes or requires IT admin reset after 5 failed attempts.,IT security policy.pdf,IT security policy.pdf|WorkFromHomePolicy.pdf|Dress_Code_Policy.pdf|IT security policy.pdf|IT security policy.pdf,0.442|0.3374|0.3105|0.3055|0.2755,"Both Gemini and Groq failed: Error code: 429 - {'error': {'message': 'Rate limit reached for model `llama-3.3-70b-versatile` in organization `org_01jy5qr9a3eatrk50fx5m94z3y` service tier `on_demand` on tokens per day (TPD): Limit 100000, Used 99917, Requested 825. Please try again in 10m41.088s. Need more tokens? Upgrade to Dev Tier today at https://console.groq.com/settings/billing', 'type': 'tokens', 'code': 'rate_limit_exceeded'}}",0.85,0.85,0.85,0.85,1.0,0.0087,0.0442,2.7983,0.1942,3.0454
Are guest Wi-Fi networks available for external office visitors?,guest wi fi networks available external office visitors,"Yes, visitors can use isolated guest Wi-Fi which has no access to internal corporate networks.",IT security policy.pdf,IT security policy.pdf|WorkFromHomePolicy.pdf|WorkFromHomePolicy.pdf|WorkFromHomePolicy.pdf|TravelPolicy.pdf,0.364|0.3602|0.3258|0.316|0.3071,"Both Gemini and Groq failed: Error code: 429 - {'error': {'message': 'Rate limit reached for model `llama-3.3-70b-versatile` in organization `org_01jy5qr9a3eatrk50fx5m94z3y` service tier `on_demand` on tokens per day (TPD): Limit 100000, Used 99912, Requested 772. Please try again in 9m50.976s. Need more tokens? Upgrade to Dev Tier today at https://console.groq.com/settings/billing', 'type': 'tokens', 'code': 'rate_limit_exceeded'}}",0.85,0.85,0.85,0.85,1.0,0.008,0.0469,2.6999,0.1803,2.9352
Is software patching mandatory on corporate workstations?,software patching mandatory corporate workstations,Workstation security patches and OS updates are automatically pushed and compulsory.,IT security policy.pdf,WorkFromHomePolicy.pdf|WorkFromHomePolicy.pdf|IT security policy.pdf|WorkFromHomePolicy.pdf|IT security policy.pdf,0.4383|0.394|0.392|0.379|0.3732,"Both Gemini and Groq failed: Error code: 429 - {'error': {'message': 'Rate limit reached for model `llama-3.3-70b-versatile` in organization `org_01jy5qr9a3eatrk50fx5m94z3y` service tier `on_demand` on tokens per day (TPD): Limit 100000, Used 99908, Requested 837. Please try again in 10m43.68s. Need more tokens? Upgrade to Dev Tier today at https://console.groq.com/settings/billing', 'type': 'tokens', 'code': 'rate_limit_exceeded'}}",0.85,0.85,0.85,0.85,1.0,0.01,0.0429,2.5593,0.1748,2.787
What is the per-diem allowance for international business trips?,per diem allowance international business trips,"International per-diem allowances vary by country tier, ranging between $75 and $120 per day.",TravelPolicy.pdf,TravelPolicy.pdf|TravelPolicy.pdf|TravelPolicy.pdf|TravelPolicy.pdf|TravelPolicy.pdf,0.4876|0.4603|0.4494|0.4415|0.4407,"Both Gemini and Groq failed: Error code: 429 - {'error': {'message': 'Rate limit reached for model `llama-3.3-70b-versatile` in organization `org_01jy5qr9a3eatrk50fx5m94z3y` service tier `on_demand` on tokens per day (TPD): Limit 100000, Used 99904, Requested 616. Please try again in 7m29.28s. Need more tokens? Upgrade to Dev Tier today at https://console.groq.com/settings/billing', 'type': 'tokens', 'code': 'rate_limit_exceeded'}}",0.85,0.85,0.85,0.85,1.0,0.0104,0.0384,2.6404,0.1751,2.8643
Who pays for passport and visa renewal for business travel?,pays passport visa renewal business travel,Visa fees and official passport renewal charges for business travel are fully covered by the company.,TravelPolicy.pdf,TravelPolicy.pdf|EmployeeBenefits.pdf|TravelPolicy.pdf|TravelPolicy.pdf|TravelPolicy.pdf,0.3612|0.3462|0.304|0.2753|0.271,"Both Gemini and Groq failed: Error code: 429 - {'error': {'message': 'Rate limit reached for model `llama-3.3-70b-versatile` in organization `org_01jy5qr9a3eatrk50fx5m94z3y` service tier `on_demand` on tokens per day (TPD): Limit 100000, Used 99900, Requested 688. Please try again in 8m28.032s. Need more tokens? Upgrade to Dev Tier today at https://console.groq.com/settings/billing', 'type': 'tokens', 'code': 'rate_limit_exceeded'}}",0.85,0.85,0.85,0.85,1.0,0.0072,0.0455,2.7333,0.1608,2.9469
What insurance protection is provided during international travel?,insurance protection provided during international travel,Employees receive comprehensive travel medical and emergency assistance insurance for abroad trips.,TravelPolicy.pdf,TravelPolicy.pdf|TravelPolicy.pdf|TravelPolicy.pdf|TravelPolicy.pdf|TravelPolicy.pdf,0.5539|0.5026|0.4882|0.4878|0.4792,"Both Gemini and Groq failed: Error code: 429 - {'error': {'message': 'Rate limit reached for model `llama-3.3-70b-versatile` in organization `org_01jy5qr9a3eatrk50fx5m94z3y` service tier `on_demand` on tokens per day (TPD): Limit 100000, Used 99896, Requested 648. Please try again in 7m50.016s. Need more tokens? Upgrade to Dev Tier today at https://console.groq.com/settings/billing', 'type': 'tokens', 'code': 'rate_limit_exceeded'}}",0.85,0.85,0.85,0.85,1.0,0.0089,0.0408,2.5957,0.1889,2.8343
What is the maximum daily taxi fare limit for local business travel?,maximum daily taxi fare limit local business travel,Local travel reimbursement covers actual metered cab fares or app-based rides up to $40 daily.,TravelPolicy.pdf,TravelPolicy.pdf|TravelPolicy.pdf|TravelPolicy.pdf|TravelPolicy.pdf|TravelPolicy.pdf,0.4345|0.4087|0.33|0.3115|0.3104,"Both Gemini and Groq failed: Error code: 429 - {'error': {'message': 'Rate limit reached for model `llama-3.3-70b-versatile` in organization `org_01jy5qr9a3eatrk50fx5m94z3y` service tier `on_demand` on tokens per day (TPD): Limit 100000, Used 99892, Requested 647. Please try again in 7m45.696s. Need more tokens? Upgrade to Dev Tier today at https://console.groq.com/settings/billing', 'type': 'tokens', 'code': 'rate_limit_exceeded'}}",0.85,0.85,0.85,0.85,1.0,0.0108,0.0412,2.5757,0.1969,2.8247
Can rental cars be booked for domestic business trips?,rental cars booked domestic business trips,Rental car booking requires prior approval from the Travel Desk and line manager.,TravelPolicy.pdf,TravelPolicy.pdf|TravelPolicy.pdf|TravelPolicy.pdf|TravelPolicy.pdf|TravelPolicy.pdf,0.4562|0.3633|0.357|0.347|0.3401,"Both Gemini and Groq failed: Error code: 429 - {'error': {'message': 'Rate limit reached for model `llama-3.3-70b-versatile` in organization `org_01jy5qr9a3eatrk50fx5m94z3y` service tier `on_demand` on tokens per day (TPD): Limit 100000, Used 99888, Requested 652. Please try again in 7m46.56s. Need more tokens? Upgrade to Dev Tier today at https://console.groq.com/settings/billing', 'type': 'tokens', 'code': 'rate_limit_exceeded'}}",0.85,0.85,0.85,0.85,1.0,0.0083,0.0483,2.5651,0.1767,2.7984
What is the optical or dental care benefit limit?,optical dental care benefit limit,Dental and vision care benefits cover up to $250 annually under the supplemental benefits plan.,EmployeeBenefits.pdf,EmployeeBenefits.pdf|EmployeeBenefits.pdf|EmployeeBenefits.pdf|EmployeeBenefits.pdf|EmployeeBenefits.pdf,0.2711|0.2703|0.2604|0.2436|0.2356,"Both Gemini and Groq failed: Error code: 429 - {'error': {'message': 'Rate limit reached for model `llama-3.3-70b-versatile` in organization `org_01jy5qr9a3eatrk50fx5m94z3y` service tier `on_demand` on tokens per day (TPD): Limit 100000, Used 99884, Requested 849. Please try again in 10m33.312s. Need more tokens? Upgrade to Dev Tier today at https://console.groq.com/settings/billing', 'type': 'tokens', 'code': 'rate_limit_exceeded'}}",0.85,0.85,0.85,0.85,1.0,0.0085,0.043,2.578,0.178,2.8074
Is parental leave available for adopting a child?,parental leave available adopting child,Adopting parents receive up to 12 weeks of paid adoption leave.,EmployeeBenefits.pdf,LeavePolicy(1).pdf|LeavePolicy(1).pdf|EmployeeBenefits.pdf|LeavePolicy(1).pdf|LeavePolicy(1).pdf,0.6398|0.4555|0.4011|0.3309|0.3295,"Both Gemini and Groq failed: Error code: 429 - {'error': {'message': 'Rate limit reached for model `llama-3.3-70b-versatile` in organization `org_01jy5qr9a3eatrk50fx5m94z3y` service tier `on_demand` on tokens per day (TPD): Limit 100000, Used 99880, Requested 761. Please try again in 9m13.824s. Need more tokens? Upgrade to Dev Tier today at https://console.groq.com/settings/billing', 'type': 'tokens', 'code': 'rate_limit_exceeded'}}",0.85,0.85,0.85,0.85,1.0,0.0099,0.0517,2.553,0.1638,2.7784
What employee referral bonuses are awarded for technical roles?,employee referral bonuses awarded technical roles,"Successful candidate referrals for senior tech roles yield a referral bonus of $1,500 after 90 days of joining.",EmployeeBenefits.pdf,EmployeeBenefits.pdf|EmployeeBenefits.pdf|EmployeeBenefits.pdf|EmployeeBenefits.pdf|EmployeeBenefits.pdf,0.6446|0.5327|0.4211|0.4032|0.3787,"Both Gemini and Groq failed: Error code: 429 - {'error': {'message': 'Rate limit reached for model `llama-3.3-70b-versatile` in organization `org_01jy5qr9a3eatrk50fx5m94z3y` service tier `on_demand` on tokens per day (TPD): Limit 100000, Used 99875, Requested 824. Please try again in 10m3.935999999s. Need more tokens? Upgrade to Dev Tier today at https://console.groq.com/settings/billing', 'type': 'tokens', 'code': 'rate_limit_exceeded'}}",0.85,0.85,0.85,0.85,1.0,0.0093,0.0445,2.5707,0.1786,2.8031
Are relocation allowances provided for outstation hires?,relocation allowances provided outstation hires,Eligible outstation hires receive a one-time relocation stipend and temporary lodging for 14 days.,EmployeeBenefits.pdf,EmployeeBenefits.pdf|TravelPolicy.pdf|LeavePolicy(1).pdf|TravelPolicy.pdf|WorkFromHomePolicy.pdf,0.4111|0.393|0.3881|0.3862|0.374,"Both Gemini and Groq failed: Error code: 429 - {'error': {'message': 'Rate limit reached for model `llama-3.3-70b-versatile` in organization `org_01jy5qr9a3eatrk50fx5m94z3y` service tier `on_demand` on tokens per day (TPD): Limit 100000, Used 99871, Requested 730. Please try again in 8m39.264s. Need more tokens? Upgrade to Dev Tier today at https://console.groq.com/settings/billing', 'type': 'tokens', 'code': 'rate_limit_exceeded'}}",0.85,0.85,0.85,0.85,1.0,0.0146,0.0463,2.6001,0.1603,2.8214
Does the company offer flexible working hours?,company offer flexible working hours,Flexible start times between 8:00 AM and 10:00 AM are allowed provided total daily hours are met.,EmployeeBenefits.pdf,EmployeeBenefits.pdf|WorkFromHomePolicy.pdf|Training_Period_Policy.pdf|WorkFromHomePolicy.pdf|WorkFromHomePolicy.pdf,0.5917|0.5529|0.4711|0.4004|0.4003,"Both Gemini and Groq failed: Error code: 429 - {'error': {'message': 'Rate limit reached for model `llama-3.3-70b-versatile` in organization `org_01jy5qr9a3eatrk50fx5m94z3y` service tier `on_demand` on tokens per day (TPD): Limit 100000, Used 99867, Requested 767. Please try again in 9m7.776s. Need more tokens? Upgrade to Dev Tier today at https://console.groq.com/settings/billing', 'type': 'tokens', 'code': 'rate_limit_exceeded'}}",0.85,0.85,0.85,0.85,1.0,0.0074,0.0376,2.619,0.1911,2.8551
Are sleeveless tops or shorts permitted in the office?,sleeveless tops shorts permitted office,"Sleeveless tops, shorts, and flip-flops are not permitted under the workplace dress code policy.",Dress_Code_Policy.pdf,Dress_Code_Policy.pdf|Dress_Code_Policy.pdf|Dress_Code_Policy.pdf|Dress_Code_Policy.pdf|Dress_Code_Policy.pdf,0.5869|0.5342|0.4731|0.4596|0.4401,"Both Gemini and Groq failed: Error code: 429 - {'error': {'message': 'Rate limit reached for model `llama-3.3-70b-versatile` in organization `org_01jy5qr9a3eatrk50fx5m94z3y` service tier `on_demand` on tokens per day (TPD): Limit 100000, Used 99863, Requested 638. Please try again in 7m12.864s. Need more tokens? Upgrade to Dev Tier today at https://console.groq.com/settings/billing', 'type': 'tokens', 'code': 'rate_limit_exceeded'}}",0.85,0.85,0.85,0.85,1.0,0.0209,0.1111,2.554,0.1852,2.8712
What is the dress code expectation for client presentations?,dress code expectation client presentations,Client-facing presentations require formal business attire.,Dress_Code_Policy.pdf,Dress_Code_Policy.pdf|Dress_Code_Policy.pdf|Dress_Code_Policy.pdf|Dress_Code_Policy.pdf|Dress_Code_Policy.pdf,0.6031|0.5881|0.571|0.5527|0.5368,"Both Gemini and Groq failed: Error code: 429 - {'error': {'message': 'Rate limit reached for model `llama-3.3-70b-versatile` in organization `org_01jy5qr9a3eatrk50fx5m94z3y` service tier `on_demand` on tokens per day (TPD): Limit 100000, Used 99859, Requested 628. Please try again in 7m0.768s. Need more tokens? Upgrade to Dev Tier today at https://console.groq.com/settings/billing', 'type': 'tokens', 'code': 'rate_limit_exceeded'}}",0.85,0.85,0.85,0.85,1.0,0.0176,0.0509,2.6196,0.1755,2.8637
Is footwear specified under the workplace safety dress policy?,footwear specified under workplace safety dress policy,"Closed-toe shoes are required in lab, server room, and technical operations areas.",Dress_Code_Policy.pdf,Dress_Code_Policy.pdf|Dress_Code_Policy.pdf|Dress_Code_Policy.pdf|Dress_Code_Policy.pdf|Dress_Code_Policy.pdf,0.8188|0.7322|0.6854|0.6694|0.6669,"Both Gemini and Groq failed: Error code: 429 - {'error': {'message': 'Rate limit reached for model `llama-3.3-70b-versatile` in organization `org_01jy5qr9a3eatrk50fx5m94z3y` service tier `on_demand` on tokens per day (TPD): Limit 100000, Used 99855, Requested 646. Please try again in 7m12.864s. Need more tokens? Upgrade to Dev Tier today at https://console.groq.com/settings/billing', 'type': 'tokens', 'code': 'rate_limit_exceeded'}}",0.85,0.85,0.85,0.85,1.0,0.01,0.0509,2.5585,0.175,2.7943
How long is the training evaluation phase for technical roles?,long training evaluation phase technical roles,The technical training evaluation phase spans the first 90 days of employment.,Training_Period_Policy.pdf,Training_Period_Policy.pdf|Company Training Period Policy.docx|Training_Period_Policy.pdf|Training_Period_Policy.pdf|Company Training Period Policy.docx,0.6265|0.6192|0.6078|0.5889|0.5823,"Both Gemini and Groq failed: Error code: 429 - {'error': {'message': 'Rate limit reached for model `llama-3.3-70b-versatile` in organization `org_01jy5qr9a3eatrk50fx5m94z3y` service tier `on_demand` on tokens per day (TPD): Limit 100000, Used 99851, Requested 810. Please try again in 9m31.104s. Need more tokens? Upgrade to Dev Tier today at https://console.groq.com/settings/billing', 'type': 'tokens', 'code': 'rate_limit_exceeded'}}",0.85,0.85,0.85,0.85,1.0,0.0039,0.0218,2.6404,0.178,2.8441
Are probationers entitled to take casual leaves during training?,probationers entitled take casual leaves during training,Probationers earn 1 day of casual leave per month during the training period.,Training_Period_Policy.pdf,Training_Period_Policy.pdf|Company Training Period Policy.docx|Company Training Period Policy.docx|Training_Period_Policy.pdf|LeavePolicy(1).pdf,0.5517|0.5261|0.4988|0.4988|0.492,"Both Gemini and Groq failed: Error code: 429 - {'error': {'message': 'Rate limit reached for model `llama-3.3-70b-versatile` in organization `org_01jy5qr9a3eatrk50fx5m94z3y` service tier `on_demand` on tokens per day (TPD): Limit 100000, Used 99847, Requested 702. Please try again in 7m54.336s. Need more tokens? Upgrade to Dev Tier today at https://console.groq.com/settings/billing', 'type': 'tokens', 'code': 'rate_limit_exceeded'}}",0.85,0.85,0.85,0.85,1.0,0.0046,0.0241,2.5531,0.1834,2.7652
What key deliverables are expected during the first 30 days of training?,key deliverables expected during first 30 days training,"The first 30 days focus on onboarding, policy compliance completion, and initial project shadowing.",Company Training Period Policy.docx,Company Training Period Policy.docx|Training_Period_Policy.pdf|Company Training Period Policy.docx|Training_Period_Policy.pdf|Training_Period_Policy.pdf,0.4862|0.4469|0.441|0.4393|0.4313,"Both Gemini and Groq failed: Error code: 429 - {'error': {'message': 'Rate limit reached for model `llama-3.3-70b-versatile` in organization `org_01jy5qr9a3eatrk50fx5m94z3y` service tier `on_demand` on tokens per day (TPD): Limit 100000, Used 99843, Requested 859. Please try again in 10m6.528s. Need more tokens? Upgrade to Dev Tier today at https://console.groq.com/settings/billing', 'type': 'tokens', 'code': 'rate_limit_exceeded'}}",0.85,0.85,0.85,0.85,1.0,0.0044,0.0183,2.5287,0.187,2.7384
Who conducts the final confirmation assessment at the end of probation?,conducts final confirmation assessment end probation,The final confirmation assessment is conducted by the Department Head alongside HR.,Company Training Period Policy.docx,Company Training Period Policy.docx|Training_Period_Policy.pdf|Company Training Period Policy.docx|Training_Period_Policy.pdf|Training_Period_Policy.pdf,0.3852|0.3852|0.3308|0.3281|0.3213,"Both Gemini and Groq failed: Error code: 429 - {'error': {'message': 'Rate limit reached for model `llama-3.3-70b-versatile` in organization `org_01jy5qr9a3eatrk50fx5m94z3y` service tier `on_demand` on tokens per day (TPD): Limit 100000, Used 99839, Requested 784. Please try again in 8m58.272s. Need more tokens? Upgrade to Dev Tier today at https://console.groq.com/settings/billing', 'type': 'tokens', 'code': 'rate_limit_exceeded'}}",0.85,0.85,0.85,0.85,1.0,0.0071,0.0369,2.5428,0.1701,2.757
What happens if a trainee fails the final probation assessment?,happens if trainee fails final probation assessment,"If performance remains unsatisfactory after extension, employment may be terminated as per policy terms.",Company Training Period Policy.docx,Company Training Period Policy.docx|Training_Period_Policy.pdf|Training_Period_Policy.pdf|Company Training Period Policy.docx|Training_Period_Policy.pdf,0.5255|0.5255|0.3985|0.3985|0.3969,"Both Gemini and Groq failed: Error code: 429 - {'error': {'message': 'Rate limit reached for model `llama-3.3-70b-versatile` in organization `org_01jy5qr9a3eatrk50fx5m94z3y` service tier `on_demand` on tokens per day (TPD): Limit 100000, Used 99835, Requested 603. Please try again in 6m18.432s. Need more tokens? Upgrade to Dev Tier today at https://console.groq.com/settings/billing', 'type': 'tokens', 'code': 'rate_limit_exceeded'}}",0.85,0.85,0.85,0.85,1.0,0.0039,0.0224,2.5719,0.1759,2.7741
How are training feedback sessions scheduled for new joiners?,training feedback sessions scheduled new joiners,Feedback sessions occur bi-weekly with team mentors and monthly with HR.,Company Training Period Policy.docx,Company Training Period Policy.docx|Training_Period_Policy.pdf|Company Training Period Policy.docx|Company Training Period Policy.docx|Training_Period_Policy.pdf,0.4768|0.4663|0.4553|0.4411|0.4312,"Both Gemini and Groq failed: Error code: 429 - {'error': {'message': 'Rate limit reached for model `llama-3.3-70b-versatile` in organization `org_01jy5qr9a3eatrk50fx5m94z3y` service tier `on_demand` on tokens per day (TPD): Limit 100000, Used 99831, Requested 905. Please try again in 10m35.904s. Need more tokens? Upgrade to Dev Tier today at https://console.groq.com/settings/billing', 'type': 'tokens', 'code': 'rate_limit_exceeded'}}",0.85,0.85,0.85,0.85,1.0,0.0047,0.0183,2.5669,0.1739,2.7638
What is the policy for medical leave during probation?,policy medical leave during probation,Medical leave during probation is granted upon submission of medical evidence.,Training_Period_Policy.pdf,LeavePolicy(1).pdf|LeavePolicy(1).pdf|LeavePolicy(1).pdf|LeavePolicy(1).pdf|LeavePolicy(1).pdf,0.5068|0.4799|0.4652|0.46|0.446,"Both Gemini and Groq failed: Error code: 429 - {'error': {'message': 'Rate limit reached for model `llama-3.3-70b-versatile` in organization `org_01jy5qr9a3eatrk50fx5m94z3y` service tier `on_demand` on tokens per day (TPD): Limit 100000, Used 99827, Requested 709. Please try again in 7m43.104s. Need more tokens? Upgrade to Dev Tier today at https://console.groq.com/settings/billing', 'type': 'tokens', 'code': 'rate_limit_exceeded'}}",0.85,0.85,0.85,0.85,0.0,0.0038,0.0195,2.558,0.1846,2.7659
Are training materials and course fees fully covered by the organization?,training materials course fees fully covered organization,All official internal and external training programs mandated by management are fully funded.,Company Training Period Policy.docx,Training_Period_Policy.pdf|Company Training Period Policy.docx|Training_Period_Policy.pdf|Training_Period_Policy.pdf|Company Training Period Policy.docx,0.4502|0.4352|0.4343|0.4208|0.4206,"Both Gemini and Groq failed: Error code: 429 - {'error': {'message': 'Rate limit reached for model `llama-3.3-70b-versatile` in organization `org_01jy5qr9a3eatrk50fx5m94z3y` service tier `on_demand` on tokens per day (TPD): Limit 100000, Used 99823, Requested 589. Please try again in 5m55.968s. Need more tokens? Upgrade to Dev Tier today at https://console.groq.com/settings/billing', 'type': 'tokens', 'code': 'rate_limit_exceeded'}}",0.85,0.85,0.85,0.85,1.0,0.0031,0.0146,2.5323,0.182,2.732
